Associated Company (Primary),Amount,Deal Type,Deal Stage,Deal probability,Deal Score,Is Closed Won,Is closed lost,Is Closed (numeric),Is Deal Closed?,Is Open (numeric),Contract End Date,Close Date,Last Activity Date,Days to close,Recency_Days
Associated_9ea45ab3,1250.0,New,Opportunity,0.2,33.0,False,False,0.0,False,1.0,,2025-05-01 15:26:00,2025-02-20 14:06:00,69.0,53.0
Associated_77e18366,0.0,New,Partner Referrals ,0.05,13.0,False,False,0.0,False,1.0,,2025-07-20 09:06:00,,149.0,
Associated_77e18366,0.0,New,Partner Referrals ,0.05,13.0,False,False,0.0,False,1.0,,2025-07-20 09:03:00,,149.0,
Associated_77e18366,0.0,New,Partner Referrals ,0.05,13.0,False,False,0.0,False,1.0,,2025-07-20 08:55:00,,149.0,
Associated_edbdb698,50000.0,New,Deep Dive. PSP Drafted,0.2,37.0,False,False,0.0,False,1.0,,2025-06-20 15:01:00,2025-02-14 15:30:00,120.0,59.0
Associated_61700669,55000.0,New,Partner Referrals ,0.05,22.0,False,False,0.0,False,1.0,,2025-07-15 14:26:00,2025-02-13 17:00:00,149.0,60.0
Associated_754ae28b,25000.0,New,Opportunity,0.2,18.0,False,False,0.0,False,1.0,,2025-07-15 14:20:00,2025-02-18 10:00:00,149.0,55.0
Associated_238a17a9,66000.0,New,Closed Lost,0.0,,False,True,1.0,True,0.0,,2025-02-17 08:15:00,2025-01-23 10:30:00,2.0,81.0
Associated_5aea6385,18000.0,Renewal,Renewals ,0.8,65.0,False,False,0.0,False,1.0,,2025-07-01 16:07:00,2025-02-20 14:00:00,136.0,53.0
Associated_d828370b,1500.0,New,Closed Trial,0.7,39.0,False,False,0.0,False,1.0,,2025-07-14 13:25:00,2025-02-20 06:30:00,149.0,54.0
Associated_1e50a2dc,36000.0,PS,Negotiation,0.6,39.0,False,False,0.0,False,1.0,2026-02-28,2025-03-01 14:35:00,2025-02-17 12:45:00,15.0,56.0
Associated_d5d73b63,8640.0,Renewal,Renewals ,0.8,78.0,False,False,0.0,False,1.0,,2025-05-02 13:10:00,2025-02-14 09:16:00,78.0,59.0
Associated_5f406859,9000.0,New,Contract Sent,0.5,67.0,False,False,0.0,False,1.0,,2025-02-28 16:18:00,2025-02-20 14:18:00,17.0,53.0
Associated_40e6b3d8,15000.0,New,Opportunity,0.2,17.0,False,False,0.0,False,1.0,,2025-03-31 08:36:00,2025-02-06 15:00:00,51.0,67.0
Associated_a44196b5,50000.0,New,BANT Deal. Pain ID'ed,0.1,26.0,False,False,0.0,False,1.0,,2025-04-04 13:06:00,2025-02-18 17:45:00,60.0,55.0
Associated_19d0e31a,100000.0,New,Opportunity,0.2,8.0,False,False,0.0,False,1.0,,2025-06-23 14:19:00,2025-01-24 13:19:00,149.0,80.0
Associated_ced7599c,8750.0,Growth,Closed Won,1.0,,True,False,1.0,True,0.0,,2025-01-24 11:38:00,2025-01-22 14:07:00,0.0,82.0
Associated_ced7599c,61250.0,Renewal,Closed Won,1.0,,True,False,1.0,True,0.0,,2025-01-23 16:48:00,2025-01-22 14:07:00,0.0,82.0
Associated_962a5b50,30000.0,New,Opportunity,0.2,7.0,False,False,0.0,False,1.0,,2025-06-21 12:57:00,2025-02-12 22:14:00,149.0,61.0
Associated_18dbc2c2,1500.0,New,Negotiation,0.6,63.0,False,False,0.0,False,1.0,,2025-02-28 10:27:00,2025-02-03 15:30:00,36.0,70.0
Associated_251cfa24,50000.0,New,Partner Referrals ,0.05,4.0,False,False,0.0,False,1.0,,2025-06-16 09:33:00,2025-01-20 19:47:00,149.0,84.0
Associated_20e01e1c,9000.0,New,Closed Won,1.0,,True,False,1.0,True,0.0,,2025-02-17 11:22:00,2025-02-14 11:00:00,31.0,59.0
Associated_bcd8dc22,3240.0,Growth,Closed Won,1.0,,True,False,1.0,True,0.0,,2025-02-18 08:18:00,2025-02-04 12:00:00,32.0,69.0
Associated_57aad22b,66000.0,New,BANT Deal. Pain ID'ed,0.1,13.0,False,False,0.0,False,1.0,,2025-06-15 09:50:00,2025-01-21 13:10:00,149.0,83.0
Associated_50618d32,3300.0,Growth,Closed Won,1.0,,True,False,1.0,True,0.0,,2025-01-22 09:07:00,2025-01-13 10:15:00,7.0,91.0
Associated_712816c0,66000.0,New,Negotiation,0.6,48.0,False,False,0.0,False,1.0,,2025-02-28 13:11:00,2025-02-19 10:50:00,46.0,54.0
Associated_2e05a403,50000.0,New,Opportunity,0.2,10.0,False,False,0.0,False,1.0,,2025-06-12 10:10:00,2025-01-08 13:15:00,149.0,96.0
Associated_5d1508dd,30000.0,New,Opportunity,0.2,5.0,False,False,0.0,False,1.0,,2025-06-08 12:56:00,2025-01-07 14:11:00,149.0,97.0
Associated_73370300,32700.0,Growth,Opportunity,0.2,7.0,False,False,0.0,False,1.0,,2025-05-31 15:27:00,2025-02-17 12:00:00,143.0,56.0
Associated_daef39a4,5000.0,PS,Closed Won,1.0,,True,False,1.0,True,0.0,,2025-01-29 16:44:00,2025-01-17 14:49:00,22.0,87.0
Associated_9ef23a44,144000.0,New,Contract Sent,0.5,23.0,False,False,0.0,False,1.0,,2025-02-28 16:44:00,2025-01-07 09:15:00,62.0,97.0
Associated_c37219b0,60000.0,New,Closed Won,1.0,,True,False,1.0,True,0.0,,2024-12-27 13:07:00,2024-12-18 11:00:00,0.0,117.0
Associated_3131dcee,90000.0,Growth,Opportunity,0.2,17.0,False,False,0.0,False,1.0,,2025-05-22 17:16:00,2025-02-14 09:00:00,149.0,59.0
Associated_059fd31c,9800.0,Renewal,Renewals ,0.8,53.0,False,False,0.0,False,1.0,,2025-05-01 15:51:00,2025-02-14 09:31:00,134.0,59.0
Associated_f62b3a08,30000.0,Growth,Opportunity,0.2,15.0,False,False,0.0,False,1.0,,2025-05-16 15:43:00,2025-02-14 09:58:00,149.0,59.0
Associated_f62b3a08,30000.0,Renewal,Opportunity,0.2,14.0,False,False,0.0,False,1.0,,2025-05-15 15:40:00,2025-02-14 09:35:00,148.0,59.0
Associated_f62b3a08,15000.0,Renewal,Contract Sent,0.5,31.0,False,False,0.0,False,1.0,,2025-01-24 12:32:00,2025-02-14 09:19:00,37.0,59.0
Associated_f1347334,60000.0,New,Opportunity,0.2,9.0,False,False,0.0,False,1.0,,2025-05-15 14:29:00,2024-12-16 16:26:00,149.0,119.0
Associated_585764ba,100000.0,New,Opportunity,0.2,17.0,False,False,0.0,False,1.0,,2025-07-01 13:00:00,,199.0,
Associated_d50ebe18,30000.0,New,Opportunity,0.2,9.0,False,False,0.0,False,1.0,,2025-06-03 12:55:00,2024-12-13 13:35:00,171.0,122.0
Associated_0dfb083c,30000.0,New,Opportunity,0.2,5.0,False,False,0.0,False,1.0,,2025-05-12 12:53:00,2024-12-17 09:28:00,149.0,118.0
Associated_4ef56ad0,30000.0,New,Opportunity,0.2,9.0,False,False,0.0,False,1.0,,2025-05-12 12:50:00,2024-12-11 13:59:00,149.0,124.0
Associated_69d59a17,100000.0,New,Opportunity,0.2,14.0,False,False,0.0,False,1.0,,2025-05-12 12:36:00,2025-01-30 15:28:00,149.0,74.0
Associated_ef999322,3600.0,New,Closed Won,1.0,,True,False,1.0,True,0.0,,2025-02-02 20:40:00,2025-02-11 17:00:00,53.0,62.0
Associated_eed97016,6000.0,New,In Trial - Trial in Progress,0.7,30.0,False,False,0.0,False,1.0,,2025-09-11 16:34:00,2024-12-18 17:00:00,273.0,117.0
Associated_1bb3381b,4500.0,PS,Closed Won,1.0,,True,False,1.0,True,0.0,,2025-02-12 09:16:00,2025-02-12 11:45:00,68.0,61.0
Associated_1bb3381b,5000.0,PS,Closed Won,1.0,,True,False,1.0,True,0.0,,2025-02-12 09:16:00,2025-02-12 11:45:00,68.0,61.0
Associated_1bb3381b,30000.0,New,Closed Won,1.0,,True,False,1.0,True,0.0,,2025-02-12 09:16:00,2025-02-12 11:45:00,68.0,61.0
Associated_3f08c810,55000.0,New,Closed Lost,0.0,,False,True,1.0,True,0.0,,2025-02-13 13:25:00,2024-12-04 11:00:00,70.0,131.0
Associated_240f00f8,30000.0,New,Opportunity,0.2,12.0,False,False,0.0,False,1.0,,2025-04-16 14:40:00,2025-02-14 15:00:00,132.0,59.0
Associated_36da2521,6000.0,New,Closed Lost,0.0,,False,True,1.0,True,0.0,,2025-01-29 16:54:00,2024-12-18 14:00:00,58.0,117.0
Associated_eed97016,4500.0,PS,Closed Won,1.0,,True,False,1.0,True,0.0,,2024-12-11 16:32:00,2024-12-10 15:00:00,9.0,125.0
Associated_d1384a48,50000.0,New,Opportunity,0.2,7.0,False,False,0.0,False,1.0,,2025-04-23 10:50:00,2024-12-03 10:36:00,148.0,132.0
Associated_4a11abd4,100000.0,New,Opportunity,0.2,8.0,False,False,0.0,False,1.0,,2025-04-23 09:21:00,2024-12-13 12:22:00,148.0,122.0
Associated_47086e42,30000.0,New,Opportunity,0.2,8.0,False,False,0.0,False,1.0,,2025-03-12 09:12:00,2025-01-09 10:05:00,106.0,95.0
Associated_ae599248,90000.0,New,Opportunity,0.2,9.0,False,False,0.0,False,1.0,,2025-03-19 09:04:00,2024-12-19 13:23:00,113.0,116.0
Associated_6b9bc1f4,9100.0,New,Deep Dive. PSP Drafted,0.2,6.0,False,False,0.0,False,1.0,,2025-02-28 12:28:00,2024-12-23 15:30:00,95.0,112.0
Associated_276a2bcb,50000.0,New,Opportunity,0.2,5.0,False,False,0.0,False,1.0,,2025-04-24 08:57:00,2024-12-17 16:43:00,149.0,118.0
Associated_a514ea07,30000.0,New,BANT Deal. Pain ID'ed,0.1,19.0,False,False,0.0,False,1.0,,2025-03-12 08:54:00,,106.0,
Associated_ef811650,0.0,New,Partner Referrals ,0.05,8.0,False,False,0.0,False,1.0,,2025-04-19 13:16:00,2025-02-19 17:00:00,149.0,54.0
Associated_ef811650,0.0,New,Partner Referrals ,0.05,8.0,False,False,0.0,False,1.0,,2025-04-19 13:15:00,2025-02-19 17:00:00,149.0,54.0
Associated_ef811650,0.0,New,Partner Referrals ,0.05,8.0,False,False,0.0,False,1.0,,2025-04-19 13:13:00,2025-02-19 17:00:00,149.0,54.0
Associated_ef811650,0.0,New,Partner Referrals ,0.05,8.0,False,False,0.0,False,1.0,,2025-04-19 11:59:00,2025-02-19 17:00:00,149.0,54.0
Associated_ef811650,0.0,New,Partner Referrals ,0.05,14.0,False,False,0.0,False,1.0,,,2025-02-19 17:00:00,0.0,54.0
Associated_ef811650,0.0,New,Partner Referrals ,0.05,8.0,False,False,0.0,False,1.0,,2025-04-19 11:54:00,,149.0,
Associated_ef811650,0.0,New,Partner Referrals ,0.05,8.0,False,False,0.0,False,1.0,,2025-04-19 11:48:00,,149.0,
Associated_be0ebeac,18000.0,New,Closed Lost,0.0,,False,True,1.0,True,0.0,,2025-02-13 13:20:00,2024-11-26 15:17:00,96.0,139.0
Associated_b74e69c4,5000.0,PS,Closed Won,1.0,,True,False,1.0,True,0.0,,2024-09-19 19:37:00,2025-02-12 23:45:00,0.0,61.0
Associated_28caf8fa,43500.0,New,Contract Sent,0.5,24.0,False,False,0.0,False,1.0,,2025-04-11 14:15:00,2025-02-20 13:53:00,157.0,53.0
Associated_fdc87b32,76800.0,Growth,Negotiation,0.6,25.0,False,False,0.0,False,1.0,,2025-05-31 09:49:00,2025-02-14 09:17:00,207.0,59.0
Associated_aadfbe01,30000.0,New,Opportunity,0.2,8.0,False,False,0.0,False,1.0,,2025-04-03 10:25:00,2024-11-21 16:30:00,149.0,144.0
Associated_14a47863,18000.0,New,Closed Won,1.0,,True,False,1.0,True,0.0,,2025-01-15 10:33:00,2024-12-19 14:00:00,77.0,116.0
Associated_b1c86828,144000.0,New,Closed Lost,0.0,,False,True,1.0,True,0.0,,2025-02-13 13:32:00,2025-02-05 11:07:00,108.0,68.0
Associated_f9dd3203,66000.0,New,Opportunity,0.2,8.0,False,False,0.0,False,1.0,,2025-03-19 22:29:00,2024-11-25 12:09:00,152.0,140.0
Associated_68a9043b,5000.0,New,Opportunity,0.2,13.0,False,False,0.0,False,1.0,,2024-12-27 11:47:00,2025-01-24 10:53:00,70.0,80.0
Associated_ea0c140e,38000.0,Growth,Negotiation,0.6,19.0,False,False,0.0,False,1.0,,2025-05-31 15:07:00,2025-02-14 09:43:00,225.0,59.0
Associated_467968d5,66000.0,New,Deep Dive. PSP Drafted,0.2,30.0,False,False,0.0,False,1.0,,2025-03-15 14:07:00,2025-02-19 18:12:00,149.0,54.0
Associated_059fd31c,10000.0,Growth,Contract Sent,0.5,19.0,False,False,0.0,False,1.0,,2025-01-31 12:26:00,2025-02-14 09:31:00,108.0,59.0
Associated_059fd31c,15000.0,Growth,Contract Sent,0.5,23.0,False,False,0.0,False,1.0,,2025-01-31 12:50:00,2025-02-14 09:31:00,108.0,59.0
Associated_bcd8dc22,23544.0,Growth,Closed Lost,0.0,,False,True,1.0,True,0.0,,2024-12-17 12:52:00,2024-10-22 11:00:00,63.0,174.0
Associated_ad3c675f,30000.0,New,Opportunity,0.2,5.0,False,False,0.0,False,1.0,,2025-03-12 14:36:00,2024-12-03 11:19:00,148.0,132.0
Associated_fd1b631a,66000.0,New,Closed Trial,0.7,41.0,False,False,0.0,False,1.0,,2025-03-07 13:10:00,2025-02-17 07:30:00,147.0,57.0
Associated_25f99d0c,25000.0,New,Closed Lost,0.0,,False,True,1.0,True,0.0,,2025-02-05 12:01:00,2024-11-26 00:06:00,117.0,140.0
Associated_34e06c34,66000.0,New,Closed Lost,0.0,,False,True,1.0,True,0.0,,2025-02-13 13:26:00,2024-11-27 10:32:00,125.0,138.0
Associated_46f62f0e,18000.0,New,Closed Lost,0.0,,False,True,1.0,True,0.0,,2025-02-13 13:21:00,2024-11-05 10:38:00,129.0,160.0
Associated_d29e78a9,10000.0,PS,Closed Won,1.0,,True,False,1.0,True,0.0,,2024-10-02 12:25:00,2025-01-01 09:00:00,0.0,103.0
Associated_19af168e,380000.0,Renewal,Renewals ,0.8,61.0,False,False,0.0,False,1.0,,2025-06-12 14:40:00,2025-02-19 12:08:00,254.0,54.0
Associated_2fe60e04,30000.0,Renewal,Renewals ,0.8,57.0,False,False,0.0,False,1.0,,2025-03-31 14:28:00,2025-02-18 15:30:00,181.0,55.0
Associated_1e50a2dc,24000.0,Renewal,Renewals ,0.8,68.0,False,False,0.0,False,1.0,,2025-07-01 14:24:00,2025-02-14 15:30:00,273.0,59.0
Associated_fdc87b32,5000.0,Renewal,Closed Won,1.0,,True,False,1.0,True,0.0,,2025-02-18 10:15:00,,140.0,
Associated_881ceda3,5000.0,Renewal,Closed Won,1.0,,True,False,1.0,True,0.0,,2025-01-24 11:34:00,2024-12-10 11:00:00,115.0,125.0
Associated_33af9cf7,8100.0,Growth,Closed Won,1.0,,True,False,1.0,True,0.0,,2025-02-12 11:22:00,,138.0,
Associated_429c43b8,150000.0,New,BANT Deal. Pain ID'ed,0.1,17.0,False,False,0.0,False,1.0,,2025-02-22 13:58:00,2024-12-19 11:00:00,150.0,116.0
Associated_d29e78a9,30400.0,Growth,Closed Won,1.0,,True,False,1.0,True,0.0,,2025-02-19 10:42:00,2025-02-14 09:15:00,146.0,59.0
Associated_e1faffb3,150000.0,New,BANT Deal. Pain ID'ed,0.1,14.0,False,False,0.0,False,1.0,,2025-02-20 21:51:00,2024-11-20 13:08:00,150.0,145.0
Associated_a7adffda,25000.0,New,Opportunity,0.2,12.0,False,False,0.0,False,1.0,,2025-02-19 14:48:00,2024-12-04 10:21:00,149.0,131.0
Associated_cce6af0b,21000.0,Renewal,Closed Won,1.0,,True,False,1.0,True,0.0,,2024-11-29 16:29:00,2025-01-07 13:00:00,67.0,97.0
Associated_daef39a4,187000.0,New,Closed Won,1.0,,True,False,1.0,True,0.0,,2025-01-29 16:45:00,2025-01-17 14:49:00,128.0,87.0
Associated_71a4e08c,93000.0,New,Closed Lost,0.0,,False,True,1.0,True,0.0,,2025-01-07 13:56:00,2024-11-19 16:08:00,109.0,146.0
Associated_b44e5b05,0.0,New,Partner Referrals ,0.05,17.0,False,False,0.0,False,1.0,,2025-02-16 21:09:00,2024-11-21 17:02:00,150.0,144.0
Associated_73370300,66000.0,Renewal,Renewals ,0.8,63.0,False,False,0.0,False,1.0,,2025-05-31 13:18:00,2025-02-17 12:00:00,253.0,56.0
Associated_499f0a3c,7200.0,Renewal,Closed Won,1.0,,True,False,1.0,True,0.0,,2025-02-12 11:38:00,2025-02-10 10:00:00,146.0,63.0
Associated_ea0c140e,15000.0,Renewal,Closed Won,1.0,,True,False,1.0,True,0.0,,2024-11-18 13:49:00,2024-11-14 10:04:00,60.0,151.0
Associated_4e22c870,0.0,PS,Opportunity,0.2,19.0,False,False,0.0,False,1.0,,2025-01-03 15:09:00,2024-12-02 09:52:00,107.0,133.0
Associated_6c3fa72a,30000.0,New,Negotiation,0.6,11.0,False,False,0.0,False,1.0,,2024-12-31 09:53:00,2025-01-31 12:30:00,104.0,73.0
Associated_60459aba,12500.0,Growth,Closed Won,1.0,,True,False,1.0,True,0.0,,2024-09-26 22:44:00,2024-09-29 22:23:00,10.0,197.0
Associated_541b1662,0.0,New,Partner Referrals ,0.05,15.0,False,False,0.0,False,1.0,,2025-02-10 11:48:00,2024-11-26 00:06:00,149.0,140.0
Associated_aa6bc4fe,50000.0,New,Opportunity,0.2,23.0,False,False,0.0,False,1.0,,2025-06-13 10:37:00,2025-02-19 12:02:00,272.0,54.0
Associated_f459af55,66000.0,New,Closed Won,1.0,,True,False,1.0,True,0.0,,2024-12-02 13:56:00,2024-11-28 12:30:00,81.0,137.0
Associated_8a88afdb,55000.0,New,Closed Lost,0.0,,False,True,1.0,True,0.0,,2025-02-13 13:22:00,2024-12-11 09:00:00,156.0,124.0
Associated_e42997a3,66000.0,New,Opportunity,0.2,28.0,False,False,0.0,False,1.0,,2025-04-01 15:37:00,2025-01-24 12:34:00,203.0,80.0
Associated_99580638,72000.0,Renewal,Closed Won,1.0,,True,False,1.0,True,0.0,,2024-09-03 13:02:00,2024-09-04 13:30:00,0.0,222.0
Associated_ef811650,0.0,New,Partner Referrals ,0.05,5.0,False,False,0.0,False,1.0,,2025-01-27 09:46:00,2024-11-26 00:06:00,149.0,140.0
Associated_ef811650,0.0,New,Partner Referrals ,0.05,5.0,False,False,0.0,False,1.0,,2025-01-27 09:32:00,2024-10-11 15:00:00,149.0,185.0
Associated_ef811650,0.0,New,Partner Referrals ,0.05,5.0,False,False,0.0,False,1.0,,2025-01-24 07:43:00,2024-10-11 15:00:00,149.0,185.0
Associated_ef811650,0.0,New,Partner Referrals ,0.05,13.0,False,False,0.0,False,1.0,,2025-01-23 11:38:00,2025-02-14 09:47:00,149.0,59.0
Associated_c873cf11,18000.0,New,Closed Lost,0.0,,False,True,1.0,True,0.0,,2024-10-03 09:36:00,2024-08-14 15:05:00,40.0,243.0
Associated_d9482f6a,300000.0,New,Negotiation,0.6,28.0,False,False,0.0,False,1.0,,2025-04-11 14:10:00,2025-02-10 13:00:00,242.0,63.0
Associated_d49c68a7,60000.0,New,Deep Dive. PSP Drafted,0.2,5.0,False,False,0.0,False,1.0,,2025-02-28 09:57:00,2024-09-30 17:00:00,203.0,196.0
Associated_53a8be82,30000.0,New,Negotiation,0.6,35.0,False,False,0.0,False,1.0,,2025-01-31 21:52:00,2024-12-05 14:01:00,176.0,130.0
Associated_ea2df95a,48000.0,New,Deep Dive. PSP Drafted,0.2,12.0,False,False,0.0,False,1.0,,2025-04-18 14:13:00,2025-01-21 11:00:00,254.0,83.0
Associated_45a8f7f5,3600.0,New,Closed Lost,0.0,,False,True,1.0,True,0.0,,2024-10-03 09:33:00,2024-09-19 14:56:00,58.0,207.0
Associated_9fb866eb,30000.0,New,Closed Lost,0.0,,False,True,1.0,True,0.0,,2025-02-13 13:23:00,2025-01-23 10:59:00,192.0,81.0
Associated_1d24287d,30000.0,New,Closed Lost,0.0,,False,True,1.0,True,0.0,,2025-01-06 21:53:00,2024-08-08 11:30:00,154.0,249.0
Associated_d82a09b2,100000.0,New,Contract Sent,0.5,11.0,False,False,0.0,False,1.0,,2025-03-28 11:26:00,2025-02-14 09:52:00,239.0,59.0
Associated_9b392932,3000.0,New,Closed Won,1.0,,True,False,1.0,True,0.0,,2024-07-31 17:11:00,2024-07-24 14:00:00,0.0,264.0
Associated_95fba57c,30000.0,New,Closed Lost,0.0,,False,True,1.0,True,0.0,,2025-02-05 12:02:00,2024-10-31 13:14:00,190.0,165.0
Associated_60459aba,6250.0,Growth,Closed Won,1.0,,True,False,1.0,True,0.0,,2024-08-28 09:24:00,2024-10-17 11:21:00,32.0,179.0
Associated_911ca522,20000.0,New,Contract Sent,0.5,29.0,False,False,0.0,False,1.0,,2025-02-14 12:42:00,2025-02-03 09:31:00,212.0,70.0
Associated_e4b883e0,7200.0,Renewal,Closed Won,1.0,,True,False,1.0,True,0.0,,2024-11-19 12:41:00,2024-11-08 14:00:00,132.0,157.0
Associated_4920f699,30000.0,New,Closed Lost,0.0,,False,True,1.0,True,0.0,,2024-07-29 22:44:00,2024-10-01 09:11:00,27.0,195.0
Associated_f6bbf0e9,18000.0,New,Negotiation,0.6,25.0,False,False,0.0,False,1.0,,2025-02-14 11:57:00,2024-12-02 09:39:00,227.0,133.0
Associated_b74e69c4,250000.0,New,In Trial - Trial in Progress,0.7,35.0,False,False,0.0,False,1.0,,2025-01-31 14:25:00,2025-02-14 08:55:00,220.0,59.0
Associated_4e22c870,0.0,Growth,In Trial - Trial in Progress,0.7,22.0,False,False,0.0,False,1.0,2025-12-31,2024-11-30 12:46:00,2025-02-20 14:26:00,158.0,53.0
Associated_df9f506c,80000.0,New,Deep Dive. PSP Drafted,0.2,4.0,False,False,0.0,False,1.0,,2025-02-14 12:43:00,2024-09-09 08:00:00,235.0,218.0
Associated_f8c848ca,30000.0,New,Closed Lost,0.0,,False,True,1.0,True,0.0,,2024-09-30 14:52:00,2024-08-08 11:55:00,101.0,249.0
Associated_7817e1d6,250000.0,New,Negotiation,0.6,32.0,False,False,0.0,False,1.0,,2025-01-10 13:45:00,2025-01-30 13:30:00,203.0,74.0
Associated_7908c3ce,60000.0,New,Negotiation,0.6,9.0,False,False,0.0,False,1.0,,2025-04-11 22:49:00,2024-10-28 19:01:00,298.0,168.0
Associated_3131dcee,177000.0,New,Closed Won,1.0,,True,False,1.0,True,0.0,,2024-12-23 12:57:00,2025-02-05 15:50:00,195.0,68.0
Associated_7059f1f6,2500.0,PS,Closed Won,1.0,,True,False,1.0,True,0.0,,2024-09-03 09:32:00,2024-05-24 10:30:00,101.0,325.0
Associated_1bb3381b,30000.0,New,Closed Lost,0.0,,False,True,1.0,True,0.0,,2024-09-04 21:55:00,2024-11-14 11:19:00,105.0,151.0
Associated_daef39a4,7500.0,PS,Closed Won,1.0,,True,False,1.0,True,0.0,,2024-09-03 09:46:00,2024-09-10 11:41:00,110.0,216.0
Associated_17166d4f,30000.0,New,Closed Lost,0.0,,False,True,1.0,True,0.0,,2024-07-19 09:35:00,,70.0,
Associated_64358a15,30000.0,New,Closed Lost,0.0,,False,True,1.0,True,0.0,,2025-02-05 12:00:00,2024-11-04 10:05:00,273.0,161.0
Associated_da884e18,0.0,New,Partner Referrals ,0.05,7.0,False,False,0.0,False,1.0,,,,0.0,
Associated_ef811650,0.0,New,Partner Referrals ,0.05,11.0,False,False,0.0,False,1.0,,,2025-01-06 15:08:00,0.0,98.0
Associated_ef811650,0.0,New,Partner Referrals ,0.05,12.0,False,False,0.0,False,1.0,,,2024-10-08 12:00:00,0.0,188.0
Associated_ef811650,0.0,New,Partner Referrals ,0.05,11.0,False,False,0.0,False,1.0,,,2024-09-10 12:00:00,0.0,216.0
Associated_ef811650,0.0,New,Partner Referrals ,0.05,11.0,False,False,0.0,False,1.0,,,2024-09-10 12:00:00,0.0,216.0
Associated_ef811650,0.0,New,Partner Referrals ,0.05,13.0,False,False,0.0,False,1.0,,,2024-08-16 10:30:00,0.0,241.0
Associated_ef811650,0.0,New,Partner Referrals ,0.05,7.0,False,False,0.0,False,1.0,,,,0.0,
Associated_ef811650,0.0,New,Partner Referrals ,0.05,7.0,False,False,0.0,False,1.0,,,,0.0,
Associated_ef811650,0.0,New,Partner Referrals ,0.05,7.0,False,False,0.0,False,1.0,,,,0.0,
Associated_ef811650,0.0,New,Partner Referrals ,0.05,7.0,False,False,0.0,False,1.0,,,,0.0,
Associated_ef811650,0.0,New,Partner Referrals ,0.05,7.0,False,False,0.0,False,1.0,,,,0.0,
Associated_ef811650,0.0,New,Partner Referrals ,0.05,7.0,False,False,0.0,False,1.0,,,,0.0,
Associated_ef811650,0.0,New,Partner Referrals ,0.05,7.0,False,False,0.0,False,1.0,,,,0.0,
Associated_ef811650,0.0,New,Partner Referrals ,0.05,7.0,False,False,0.0,False,1.0,,,,0.0,
Associated_8cf7766f,0.0,New,Closed Lost,0.0,,False,True,1.0,True,0.0,,2024-09-23 14:44:00,2025-02-06 11:22:00,146.0,67.0
Associated_a9dac8f8,30000.0,New,Closed Won,1.0,,True,False,1.0,True,0.0,,2024-08-03 15:31:00,2024-08-08 16:00:00,96.0,249.0
Associated_20f7a1df,10000.0,New,Closed Lost,0.0,,False,True,1.0,True,0.0,,2024-08-15 14:14:00,2024-06-28 09:13:00,112.0,290.0
Associated_5aea6385,18000.0,New,Closed Won,1.0,,True,False,1.0,True,0.0,,2024-10-07 10:03:00,2024-12-04 16:16:00,166.0,131.0
Associated_1e50a2dc,24000.0,New,Closed Won,1.0,,True,False,1.0,True,0.0,,2024-08-14 22:00:00,2024-09-11 15:29:00,113.0,215.0
Associated_4e00de70,31000.0,New,Deep Dive. PSP Drafted,0.2,2.0,False,False,0.0,False,1.0,,2025-02-14 12:44:00,2024-07-23 15:30:00,298.0,265.0
Associated_b4313dad,0.0,New,Partner Referrals ,0.05,7.0,False,False,0.0,False,1.0,,,,0.0,
Associated_4fcf9474,0.0,New,Partner Referrals ,0.05,10.0,False,False,0.0,False,1.0,,,2024-11-27 10:35:00,0.0,138.0
Associated_fd4acbcd,0.0,New,Partner Referrals ,0.05,11.0,False,False,0.0,False,1.0,,,2024-10-01 23:25:00,0.0,195.0
Associated_9147ca4c,0.0,New,Partner Referrals ,0.05,7.0,False,False,0.0,False,1.0,,,2024-05-08 12:34:00,0.0,341.0
Associated_4b1b6780,66000.0,New,In Trial - Trial in Progress,0.7,,False,False,0.0,False,1.0,,2024-10-28 16:51:00,2025-02-20 12:00:00,192.0,53.0
Associated_b7e9b7fa,0.0,New,Partner Referrals ,0.05,7.0,False,False,0.0,False,1.0,,,2024-05-08 12:34:00,0.0,341.0
Associated_9b392932,0.0,New,Partner Referrals ,0.05,11.0,False,False,0.0,False,1.0,,,2025-02-18 13:45:00,0.0,55.0
Associated_c1582932,0.0,New,Partner Referrals ,0.05,7.0,False,False,0.0,False,1.0,,,,0.0,
Associated_5ed85479,0.0,New,Partner Referrals ,0.05,7.0,False,False,0.0,False,1.0,,,2024-05-08 12:34:00,0.0,341.0
Associated_90d991b4,0.0,New,Partner Referrals ,0.05,7.0,False,False,0.0,False,1.0,,,2024-06-04 15:28:00,0.0,314.0
Associated_1d55af16,0.0,New,Partner Referrals ,0.05,9.0,False,False,0.0,False,1.0,,,2024-09-23 22:54:00,0.0,203.0
Associated_323bf825,60000.0,New,BANT Deal. Pain ID'ed,0.1,4.0,False,False,0.0,False,1.0,,2024-10-31 15:45:00,2024-09-05 09:40:00,196.0,221.0
Associated_141fa164,50000.0,Growth,Closed Lost,0.0,,False,True,1.0,True,0.0,,2024-09-23 14:51:00,2024-09-18 16:30:00,158.0,208.0
Associated_77e954c3,2000.0,New,Closed Lost,0.0,,False,True,1.0,True,0.0,,2024-09-23 07:49:00,2024-09-17 10:53:00,159.0,209.0
Associated_52315b4e,50000.0,New,Closed Lost,0.0,,False,True,1.0,True,0.0,,2024-09-23 07:49:00,2024-07-18 16:03:00,160.0,270.0
Associated_607c4efa,5000.0,New,Closed Lost,0.0,,False,True,1.0,True,0.0,,2025-01-14 13:52:00,2024-10-02 15:20:00,281.0,194.0
Associated_a69832eb,0.0,New,Partner Referrals ,0.05,9.0,False,False,0.0,False,1.0,,,2025-02-14 09:47:00,0.0,59.0
Associated_5a810603,0.0,New,Partner Referrals ,0.05,13.0,False,False,0.0,False,1.0,,,2025-02-14 09:47:00,0.0,59.0
Associated_eae106ca,0.0,New,Partner Referrals ,0.05,3.0,False,False,0.0,False,1.0,,,2024-04-18 13:30:00,0.0,361.0
Associated_50250c68,0.0,New,Partner Referrals ,0.05,5.0,False,False,0.0,False,1.0,,,2024-04-18 11:03:00,0.0,361.0
Associated_911ca522,0.0,New,Partner Referrals ,0.05,6.0,False,False,0.0,False,1.0,,,2025-02-03 09:31:00,0.0,70.0
Associated_fd71b936,0.0,New,Closed Lost,0.0,,False,True,1.0,True,0.0,,2024-08-13 10:24:00,2024-08-05 17:14:00,137.0,252.0
Associated_ae442107,12600.0,New,Closed Lost,0.0,,False,True,1.0,True,0.0,,2024-07-25 09:29:00,2024-05-23 15:24:00,120.0,326.0
Associated_f598d976,9000.0,New,Closed Lost,0.0,,False,True,1.0,True,0.0,,2024-07-19 09:39:00,2024-04-02 16:30:00,114.0,377.0
Associated_9ef23a44,0.0,New,Partner Referrals ,0.05,5.0,False,False,0.0,False,1.0,,,2024-12-17 13:00:00,0.0,118.0
Associated_3e7baa07,0.0,New,Partner Referrals ,0.05,8.0,False,False,0.0,False,1.0,,,2024-05-20 12:47:00,0.0,329.0
Associated_8493a0e2,0.0,New,Partner Referrals ,0.05,26.0,False,False,0.0,False,1.0,,,2025-02-14 09:47:00,0.0,59.0
Associated_7d6ee60e,0.0,New,Partner Referrals ,0.05,10.0,False,False,0.0,False,1.0,,,2024-10-30 11:22:00,0.0,166.0
Associated_f14fd4e7,0.0,New,Partner Referrals ,0.05,8.0,False,False,0.0,False,1.0,,,2024-05-20 12:47:00,0.0,329.0
Associated_66646422,0.0,New,Partner Referrals ,0.05,8.0,False,False,0.0,False,1.0,,,2024-05-20 12:47:00,0.0,329.0
Associated_fd4acbcd,0.0,New,Partner Referrals ,0.05,7.0,False,False,0.0,False,1.0,,,2024-10-01 23:25:00,0.0,195.0
Associated_c8b921ba,0.0,New,Partner Referrals ,0.05,5.0,False,False,0.0,False,1.0,,,2024-10-01 23:26:00,0.0,195.0
Associated_fab5ca2f,0.0,New,Partner Referrals ,0.05,10.0,False,False,0.0,False,1.0,,,2024-10-01 23:27:00,0.0,195.0
Associated_5bb0a12e,0.0,New,Partner Referrals ,0.05,11.0,False,False,0.0,False,1.0,,,,0.0,
Associated_020b1bbc,0.0,New,Partner Referrals ,0.05,7.0,False,False,0.0,False,1.0,,,2024-04-18 13:42:00,0.0,361.0
Associated_d29e78a9,30000.0,New,Closed Won,1.0,,True,False,1.0,True,0.0,,2024-10-02 12:23:00,2025-01-01 09:00:00,194.0,103.0
Associated_bf108509,0.0,New,Partner Referrals ,0.05,5.0,False,False,0.0,False,1.0,,,2024-05-06 10:55:00,0.0,343.0
Associated_c513b963,0.0,New,Partner Referrals ,0.05,15.0,False,False,0.0,False,1.0,,,,0.0,
Associated_0c8dc9ce,0.0,New,Partner Referrals ,0.05,15.0,False,False,0.0,False,1.0,,,2025-01-15 16:39:00,0.0,89.0
Associated_a41393e8,58000.0,Growth,Closed Lost,0.0,,False,True,1.0,True,0.0,2025-05-31,2024-10-18 11:35:00,2024-07-02 11:30:00,210.0,286.0
Associated_660a522d,0.0,New,Partner Referrals ,0.05,5.0,False,False,0.0,False,1.0,,,2024-07-26 11:29:00,0.0,262.0
Associated_96e45f3e,9000.0,New,Opportunity,0.2,,False,False,0.0,False,1.0,,2024-08-01 14:12:00,2024-07-19 15:44:00,139.0,269.0
Associated_bc76522f,0.0,New,Partner Referrals ,0.05,5.0,False,False,0.0,False,1.0,,,2024-04-22 16:00:00,0.0,357.0
Associated_39395c58,0.0,New,Partner Referrals ,0.05,5.0,False,False,0.0,False,1.0,,,2024-04-22 16:00:00,0.0,357.0
Associated_884a370d,0.0,New,Partner Referrals ,0.05,4.0,False,False,0.0,False,1.0,,,2024-04-22 16:00:00,0.0,357.0
Associated_5cb40ec4,0.0,New,Partner Referrals ,0.05,9.0,False,False,0.0,False,1.0,,,,0.0,
Associated_d427bd07,0.0,New,Partner Referrals ,0.05,4.0,False,False,0.0,False,1.0,,,2024-04-18 13:39:00,0.0,361.0
Associated_51341cd5,30000.0,New,BANT Deal. Pain ID'ed,0.1,5.0,False,False,0.0,False,1.0,,2024-12-20 14:38:00,2025-01-24 08:14:00,281.0,80.0
Associated_60459aba,5000.0,PS,Closed Won,1.0,,True,False,1.0,True,0.0,,2024-05-09 16:45:00,2024-10-17 11:21:00,56.0,179.0
Associated_e9ec1ccd,24000.0,New,Closed Lost,0.0,,False,True,1.0,True,0.0,,2025-01-06 21:52:00,2024-12-17 15:35:00,298.0,118.0
Associated_00871505,6000.0,PS,Closed Won,1.0,,True,False,1.0,True,0.0,,2024-03-11 17:47:00,2024-03-12 13:00:00,0.0,398.0
Associated_9867b6b9,20000.0,New,Closed Lost,0.0,,False,True,1.0,True,0.0,,2024-09-19 14:58:00,2024-08-19 17:26:00,196.0,238.0
Associated_5c7bbbdc,3600.0,New,Closed Lost,0.0,,False,True,1.0,True,0.0,,2024-08-15 11:19:00,2024-08-13 11:23:00,160.0,244.0
Associated_95fba57c,0.0,New,Closed Lost,0.0,,False,True,1.0,True,0.0,,2024-11-11 12:43:00,2024-10-25 08:15:00,249.0,171.0
Associated_19af168e,380000.0,New,Closed Won,1.0,,True,False,1.0,True,0.0,,2024-06-17 09:42:00,2024-07-18 13:24:00,102.0,270.0
Associated_0abc6455,15000.0,New,Closed Lost,0.0,,False,True,1.0,True,0.0,,2024-08-13 10:34:00,2024-08-13 10:32:00,160.0,244.0
Associated_da884e18,12000.0,New,Closed Lost,0.0,,False,True,1.0,True,0.0,,2024-04-26 15:23:00,2024-04-22 10:33:00,51.0,357.0
Associated_33af9cf7,0.0,Renewal,Closed Lost,0.0,,False,True,1.0,True,0.0,,2024-08-06 09:33:00,2024-10-22 09:29:00,167.0,174.0
Associated_d5d73b63,8640.0,New,Closed Won,1.0,,True,False,1.0,True,0.0,2025-05-01,2024-05-08 09:18:00,2024-05-08 09:26:00,78.0,341.0
Associated_59133a58,12600.0,New,Closed Lost,0.0,,False,True,1.0,True,0.0,,2024-07-19 09:35:00,2024-07-17 13:00:00,155.0,271.0
Associated_ac25ecf7,10800.0,New,Closed Lost,0.0,,False,True,1.0,True,0.0,,2024-02-29 13:01:00,2024-02-29 10:30:00,14.0,410.0
Associated_df3b05c1,3600.0,New,Closed Lost,0.0,,False,True,1.0,True,0.0,,2024-03-18 11:21:00,2024-03-05 16:43:00,32.0,405.0
Associated_b24cdfba,2700.0,New,Closed Lost,0.0,,False,True,1.0,True,0.0,,2024-08-01 14:19:00,2024-07-20 22:50:00,189.0,268.0
Associated_67ece55d,7200.0,New,Closed Lost,0.0,,False,True,1.0,True,0.0,,2024-09-05 14:12:00,2024-03-26 15:30:00,230.0,384.0
Associated_86a21ce0,30000.0,New,Closed Lost,0.0,,False,True,1.0,True,0.0,,2024-03-22 12:59:00,2024-05-23 14:31:00,63.0,326.0
Associated_b7a3bd0c,1080.0,New,Closed Lost,0.0,,False,True,1.0,True,0.0,,2024-04-11 09:15:00,2024-03-19 09:44:00,83.0,391.0
Associated_b728eedc,36000.0,New,Closed Lost,0.0,,False,True,1.0,True,0.0,,2024-03-21 11:06:00,2024-02-29 13:10:00,65.0,410.0
Associated_99580638,108000.0,Growth,Closed Won,1.0,,True,False,1.0,True,0.0,,2024-09-03 09:38:00,2024-08-18 16:37:00,234.0,239.0
Associated_6d482c74,0.0,Renewal,Closed Lost,0.0,,False,True,1.0,True,0.0,,2024-09-17 13:48:00,2024-08-18 16:37:00,248.0,239.0
Associated_fa6048e6,0.0,Renewal,Closed Lost,0.0,,False,True,1.0,True,0.0,,2024-09-18 14:46:00,2024-08-18 16:37:00,249.0,239.0
Associated_f62b3a08,30000.0,Renewal,Closed Won,1.0,,True,False,1.0,True,0.0,,2024-08-22 16:29:00,2024-08-18 16:37:00,222.0,239.0
Associated_6d482c74,0.0,Renewal,Closed Lost,0.0,,False,True,1.0,True,0.0,,2024-09-17 13:48:00,2024-08-18 16:37:00,248.0,239.0
Associated_60459aba,0.0,Renewal,Renewals ,0.8,37.0,False,False,0.0,False,1.0,,2024-08-01 15:45:00,2025-02-20 10:04:00,201.0,53.0
,6000.0,Renewal,Closed Won,1.0,,True,False,1.0,True,0.0,,2024-11-07 09:51:00,2024-10-30 15:00:00,299.0,166.0
Associated_76a25b85,30000.0,New,Closed Lost,0.0,,False,True,1.0,True,0.0,,2024-06-13 14:15:00,2024-01-29 15:50:00,153.0,441.0
Associated_a5f2dd41,15000.0,New,Closed Lost,0.0,,False,True,1.0,True,0.0,,2024-09-23 07:48:00,2024-01-15 14:15:00,254.0,455.0
Associated_5c625991,15000.0,Renewal,Closed Won,1.0,,True,False,1.0,True,0.0,,2024-08-13 12:15:00,2024-02-29 11:20:00,214.0,410.0
Associated_0172e8dc,0.0,Renewal,Closed Lost,0.0,,False,True,1.0,True,0.0,,2024-08-22 16:31:00,2024-02-06 16:56:00,223.0,433.0
Associated_bcd8dc22,17712.0,Renewal,Closed Won,1.0,,True,False,1.0,True,0.0,,2024-08-13 12:10:00,2024-08-06 11:56:00,214.0,251.0
Associated_133e939d,30000.0,Renewal,Closed Won,1.0,,True,False,1.0,True,0.0,,2024-08-29 09:38:00,2025-01-09 11:04:00,230.0,95.0
Associated_98016eea,0.0,Renewal,Closed Lost,0.0,,False,True,1.0,True,0.0,,2024-07-30 11:11:00,2024-03-01 19:11:00,200.0,409.0
Associated_ef481971,15600.0,Renewal,Closed Lost,0.0,,False,True,1.0,True,0.0,,2024-08-22 16:32:00,,223.0,
Associated_60459aba,2250.0,Growth,Closed Won,1.0,,True,False,1.0,True,0.0,,2024-04-26 15:37:00,2024-10-17 11:21:00,107.0,179.0
Associated_ce13149e,24000.0,New,Closed Lost,0.0,,False,True,1.0,True,0.0,,2024-06-21 13:07:00,2024-05-01 07:00:00,168.0,349.0
Associated_881ceda3,7500.0,New,Closed Won,1.0,,True,False,1.0,True,0.0,,2024-03-01 11:32:00,2024-05-20 13:04:00,64.0,329.0
Associated_a2a680e5,50000.0,New,Closed Lost,0.0,,False,True,1.0,True,0.0,,2024-07-25 09:30:00,2024-05-23 15:27:00,218.0,326.0
Associated_d82a09b2,66000.0,Growth,Closed Lost,0.0,,False,True,1.0,True,0.0,,2024-05-23 14:24:00,2024-05-10 11:57:00,161.0,339.0
Associated_314de02c,50000.0,New,Closed Lost,0.0,,False,True,1.0,True,0.0,,2024-05-21 00:48:00,2024-04-03 12:25:00,171.0,376.0
Associated_ed653a25,0.0,New,Closed Lost,0.0,,False,True,1.0,True,0.0,,2024-03-28 14:16:00,2024-01-08 13:33:00,117.0,462.0
Associated_0a3caa4b,30000.0,New,Closed Lost,0.0,,False,True,1.0,True,0.0,,2024-05-22 16:18:00,2024-01-18 12:22:00,174.0,452.0
Associated_8ef1808f,30000.0,New,Closed Lost,0.0,,False,True,1.0,True,0.0,,2024-03-20 14:28:00,2024-01-11 11:37:00,112.0,459.0
Associated_fdc87b32,30000.0,New,Closed Won,1.0,,True,False,1.0,True,0.0,,2024-02-01 07:53:00,2024-01-30 10:26:00,64.0,440.0
Associated_a19696c5,66000.0,New,Closed Lost,0.0,,False,True,1.0,True,0.0,,2024-02-15 13:42:00,2024-02-14 12:00:00,80.0,425.0
Associated_4710813b,45000.0,New,Closed Lost,0.0,,False,True,1.0,True,0.0,,2024-03-28 13:54:00,2024-03-14 11:00:00,122.0,396.0
Associated_a28401f8,36000.0,New,Closed Lost,0.0,,False,True,1.0,True,0.0,,2024-03-07 14:28:00,2023-12-15 17:30:00,105.0,486.0
Associated_b4313dad,120000.0,New,Closed Lost,0.0,,False,True,1.0,True,0.0,,2024-05-09 11:00:00,2024-05-07 12:58:00,169.0,342.0
Associated_be0d90f1,66000.0,New,Closed Lost,0.0,,False,True,1.0,True,0.0,,2024-04-26 10:50:00,2024-04-26 10:30:00,170.0,353.0
Associated_a41393e8,5500.0,New,Closed Won,1.0,,True,False,1.0,True,0.0,,2023-12-22 11:41:00,2024-04-10 15:15:00,46.0,369.0
Associated_4167709b,60000.0,New,Closed Lost,0.0,,False,True,1.0,True,0.0,,2024-01-11 14:10:00,2023-12-26 11:28:00,70.0,475.0
Associated_4095fc5b,24000.0,New,Closed Lost,0.0,,False,True,1.0,True,0.0,,2024-05-21 00:48:00,2024-09-03 08:50:00,201.0,223.0
Associated_b5a6408a,20000.0,New,Closed Lost,0.0,,False,True,1.0,True,0.0,,2024-05-23 14:00:00,2024-01-09 12:23:00,208.0,461.0
Associated_55ec95d2,0.0,Growth,Closed Won,1.0,,True,False,1.0,True,0.0,,2023-12-21 11:41:00,2024-08-03 12:04:00,54.0,254.0
Associated_4d4f7295,1200.0,New,Closed Lost,0.0,,False,True,1.0,True,0.0,,2024-02-22 13:30:00,2024-02-14 16:22:00,118.0,425.0
Associated_a19696c5,1200.0,PS,Closed Won,1.0,,True,False,1.0,True,0.0,,2024-02-15 13:41:00,2024-02-14 12:00:00,112.0,425.0
Associated_99580638,72000.0,Growth,Closed Won,1.0,,True,False,1.0,True,0.0,,2023-10-27 17:25:00,2024-08-16 15:49:00,1.0,241.0
Associated_36a62574,25000.0,New,Closed Lost,0.0,,False,True,1.0,True,0.0,,2024-03-19 09:47:00,2023-10-25 13:15:00,147.0,537.0
Associated_e4b883e0,7200.0,New,Closed Won,1.0,,True,False,1.0,True,0.0,2024-12-01,2023-11-15 14:53:00,2024-04-02 12:03:00,23.0,377.0
Associated_c9217335,2400.0,Growth,Closed Won,1.0,,True,False,1.0,True,0.0,,2023-11-22 10:13:00,2024-12-02 12:15:00,34.0,133.0
Associated_f62b3a08,30000.0,Growth,Closed Won,1.0,,True,False,1.0,True,0.0,,2024-01-04 13:06:00,2024-09-27 09:18:00,77.0,199.0
,10200.0,Growth,Closed Won,1.0,,True,False,1.0,True,0.0,,2023-11-20 11:18:00,2023-11-16 11:13:00,32.0,515.0
Associated_7059f1f6,31000.0,Growth,Closed Lost,0.0,,False,True,1.0,True,0.0,,2024-01-02 16:55:00,2024-12-18 10:20:00,90.0,117.0
,5000.0,Growth,Closed Won,1.0,,True,False,1.0,True,0.0,,2023-10-18 14:26:00,2024-12-18 10:20:00,13.0,117.0
Associated_0172e8dc,7500.0,Growth,Closed Won,1.0,,True,False,1.0,True,0.0,,2023-11-09 13:27:00,2024-12-18 10:20:00,35.0,117.0
Associated_15711e9f,30000.0,New,Closed Lost,0.0,,False,True,1.0,True,0.0,,2024-03-03 20:20:00,2024-02-20 09:36:00,158.0,419.0
Associated_98fb0ace,30000.0,Growth,Closed Lost,0.0,,False,True,1.0,True,0.0,,2024-01-02 14:17:00,2023-09-27 10:40:00,103.0,565.0
Associated_98fb0ace,30000.0,Growth,Closed Lost,0.0,,False,True,1.0,True,0.0,,2023-09-21 11:47:00,,0.0,
Associated_6909483f,50000.0,New,Closed Lost,0.0,,False,True,1.0,True,0.0,,2024-03-27 21:23:00,2023-10-27 09:00:00,191.0,535.0
Associated_4ce238e9,50000.0,New,Closed Lost,0.0,,False,True,1.0,True,0.0,,2024-03-27 21:24:00,2023-10-27 09:00:00,191.0,535.0
Associated_d2727223,50000.0,New,Closed Lost,0.0,,False,True,1.0,True,0.0,,2023-11-01 10:19:00,2023-09-15 13:30:00,44.0,577.0
Associated_ea2b6b10,70000.0,New,Closed Lost,0.0,,False,True,1.0,True,0.0,,2024-01-30 07:49:00,,146.0,
Associated_499f0a3c,14400.0,New,Closed Won,1.0,,True,False,1.0,True,0.0,,2024-02-19 13:34:00,2024-05-22 13:47:00,167.0,327.0
Associated_aec87052,50000.0,New,Closed Lost,0.0,,False,True,1.0,True,0.0,,2023-11-09 08:26:00,2023-08-30 20:00:00,77.0,593.0
Associated_d3ca05f6,20000.0,New,Closed Lost,0.0,,False,True,1.0,True,0.0,,2024-03-18 11:19:00,2023-12-26 14:54:00,208.0,475.0
Associated_a93c760a,55500.0,New,Closed Lost,0.0,,False,True,1.0,True,0.0,,2024-01-03 18:03:00,2023-08-22 14:52:00,134.0,601.0
Associated_33a20d27,12000.0,New,Closed Lost,0.0,,False,True,1.0,True,0.0,,2023-09-07 12:52:00,2023-08-22 14:00:00,19.0,601.0
Associated_b7cd45f5,30000.0,New,Closed Lost,0.0,,False,True,1.0,True,0.0,,2023-11-09 08:27:00,2023-08-22 16:30:00,89.0,601.0
Associated_67d87cec,12000.0,New,Closed Won,1.0,,True,False,1.0,True,0.0,2025-01-20,2024-01-22 12:29:00,2024-01-17 15:17:00,165.0,453.0
Associated_af776924,100000.0,New,Closed Lost,0.0,,False,True,1.0,True,0.0,,2023-11-08 10:52:00,2023-09-12 09:00:00,91.0,580.0
Associated_8937bb77,50000.0,Growth,Closed Lost,0.0,,False,True,1.0,True,0.0,,2023-08-31 11:55:00,2023-08-11 10:00:00,34.0,612.0
Associated_8ef1808f,100000.0,New,Closed Lost,0.0,,False,True,1.0,True,0.0,,2023-11-09 09:55:00,2023-10-26 10:27:00,105.0,536.0
Associated_dd705eae,40000.0,New,Closed Lost,0.0,,False,True,1.0,True,0.0,,2024-01-04 10:18:00,2023-11-22 09:23:00,168.0,509.0
Associated_f6dba41a,60000.0,New,Closed Lost,0.0,,False,True,1.0,True,0.0,,2023-11-09 08:27:00,2023-09-18 09:23:00,112.0,574.0
Associated_ced7599c,61250.0,Growth,Closed Won,1.0,,True,False,1.0,True,0.0,,2023-12-08 14:19:00,2023-12-12 18:08:00,143.0,489.0
Associated_970bb80e,100000.0,Growth,Closed Lost,0.0,,False,True,1.0,True,0.0,,2023-11-09 09:57:00,2023-09-05 16:51:00,113.0,587.0
Associated_970bb80e,40000.0,Growth,Closed Lost,0.0,,False,True,1.0,True,0.0,,2023-11-09 09:57:00,2023-09-05 16:51:00,113.0,587.0
Associated_a5d68d69,100000.0,New,Closed Lost,0.0,,False,True,1.0,True,0.0,,2023-11-09 09:47:00,2023-08-18 16:06:00,113.0,605.0
Associated_f6dba41a,15000.0,New,Closed Lost,0.0,,False,True,1.0,True,0.0,,2023-11-01 10:19:00,2023-07-28 16:43:00,116.0,626.0
Associated_f13e3963,6000.0,New,Closed Lost,0.0,,False,True,1.0,True,0.0,,2023-09-11 13:54:00,,67.0,
Associated_50618d32,12000.0,Growth,Closed Won,1.0,,True,False,1.0,True,0.0,,2024-01-09 09:41:00,2024-01-04 06:21:00,187.0,467.0
Associated_6d482c74,4500.0,Growth,Closed Won,1.0,,True,False,1.0,True,0.0,,2023-08-09 09:19:00,2023-08-16 16:00:00,34.0,607.0
Associated_ced7599c,15000.0,Growth,Closed Lost,0.0,,False,True,1.0,True,0.0,,2023-09-21 10:20:00,2024-08-27 12:43:00,77.0,230.0
Associated_4aab5c2f,150000.0,New,Closed Lost,0.0,,False,True,1.0,True,0.0,,2023-10-26 13:00:00,2023-08-02 13:31:00,113.0,621.0
Associated_0a0d9e98,50000.0,New,Closed Lost,0.0,,False,True,1.0,True,0.0,,2024-01-29 07:46:00,2023-08-10 14:30:00,212.0,613.0
Associated_e8afd469,30000.0,New,Closed Lost,0.0,,False,True,1.0,True,0.0,,2023-11-09 08:26:00,2023-09-05 10:46:00,132.0,587.0
Associated_ea0c140e,15000.0,New,Closed Won,1.0,,True,False,1.0,True,0.0,2024-11-01,2023-11-06 08:16:00,2024-04-18 12:27:00,129.0,361.0
Associated_74fd8f26,66000.0,New,Closed Lost,0.0,,False,True,1.0,True,0.0,,2023-09-11 13:54:00,2023-09-05 08:16:00,75.0,587.0
Associated_8f7b54b9,21000.0,New,Closed Lost,0.0,,False,True,1.0,True,0.0,,2023-08-23 16:08:00,,69.0,
Associated_dbe52e71,100000.0,New,Closed Won,1.0,,True,False,1.0,True,0.0,,2023-09-28 20:33:00,2024-08-30 07:17:00,115.0,228.0
Associated_cc9735ee,27000.0,New,Closed Lost,0.0,,False,True,1.0,True,0.0,,2024-02-20 09:36:00,2024-02-14 16:35:00,262.0,425.0
Associated_d02c75aa,10000.0,New,Closed Lost,0.0,,False,True,1.0,True,0.0,,2023-08-04 09:24:00,2023-06-01 22:16:00,63.0,683.0
Associated_5c625991,15000.0,New,Closed Won,1.0,,True,False,1.0,True,0.0,2024-08-01,2023-08-01 10:51:00,2023-08-01 14:00:00,60.0,622.0
Associated_7059f1f6,62500.0,Growth,Closed Lost,0.0,,False,True,1.0,True,0.0,,2023-09-22 14:38:00,2023-08-09 13:35:00,113.0,614.0
Associated_2fe60e04,30000.0,Growth,Closed Lost,0.0,,False,True,1.0,True,0.0,,2023-07-05 11:33:00,,34.0,
Associated_133e939d,30000.0,Renewal,Closed Lost,0.0,,False,True,1.0,True,0.0,,2023-11-22 10:14:00,2023-11-08 16:30:00,173.0,523.0
Associated_33af9cf7,6000.0,New,Closed Won,1.0,,True,False,1.0,True,0.0,2024-07-17,2023-07-13 08:55:00,2023-06-23 15:00:00,42.0,661.0
Associated_f3ad2d62,67500.0,New,Closed Lost,0.0,,False,True,1.0,True,0.0,,2023-08-04 10:37:00,2023-07-18 16:00:00,64.0,636.0
Associated_a771a5a3,15000.0,New,Closed Lost,0.0,,False,True,1.0,True,0.0,,2024-02-21 16:21:00,2024-01-02 16:46:00,266.0,468.0
Associated_970bb80e,6000.0,New,Closed Won,1.0,,True,False,1.0,True,0.0,,2023-07-17 16:40:00,2023-07-17 14:00:00,48.0,637.0
Associated_8937bb77,90000.0,New,Closed Lost,0.0,,False,True,1.0,True,0.0,,2023-08-31 11:55:00,2023-07-11 16:39:00,93.0,643.0
Associated_055265d0,24000.0,New,Closed Lost,0.0,,False,True,1.0,True,0.0,,2023-08-23 16:08:00,2023-05-05 09:01:00,110.0,710.0
Associated_c80907b6,60000.0,New,Closed Lost,0.0,,False,True,1.0,True,0.0,,2023-11-01 10:17:00,,183.0,
Associated_2a12844a,15000.0,New,Closed Lost,0.0,,False,True,1.0,True,0.0,,2023-08-23 16:08:00,2023-07-10 13:15:00,118.0,644.0
Associated_1d9e86b3,6000.0,New,Closed Lost,0.0,,False,True,1.0,True,0.0,,2023-06-23 11:33:00,2023-05-11 12:00:00,59.0,704.0
Associated_a62c74cb,21000.0,New,Closed Lost,0.0,,False,True,1.0,True,0.0,,2023-07-07 11:43:00,2023-05-09 15:48:00,79.0,706.0
Associated_4019582e,0.0,Renewal,Closed Won,1.0,,True,False,1.0,True,0.0,,2023-12-31 11:13:00,2024-05-30 11:47:00,264.0,319.0
Associated_995eff83,112000.0,Growth,Closed Won,1.0,,True,False,1.0,True,0.0,,2023-04-20 20:36:00,2023-09-05 16:33:00,10.0,587.0
Associated_fd388839,50000.0,New,Closed Lost,0.0,,False,True,1.0,True,0.0,,2023-08-23 16:09:00,2023-04-25 11:00:00,139.0,720.0
Associated_ef481971,14400.0,Growth,Closed Lost,0.0,,False,True,1.0,True,0.0,,2023-05-08 11:49:00,,47.0,
Associated_141fa164,15000.0,Growth,Closed Lost,0.0,,False,True,1.0,True,0.0,,2023-07-05 11:49:00,2023-06-15 14:09:00,107.0,669.0
Associated_99580638,12000.0,New,Closed Won,1.0,,True,False,1.0,True,0.0,,2023-08-11 14:18:00,2024-08-16 15:49:00,144.0,241.0
Associated_630b629b,30000.0,New,Closed Lost,0.0,,False,True,1.0,True,0.0,,2023-06-14 11:49:00,2023-04-18 15:33:00,90.0,727.0
,6000.0,Growth,Closed Won,1.0,,True,False,1.0,True,0.0,,2023-05-22 11:50:00,2023-04-12 14:41:00,74.0,733.0
,48000.0,New,Closed Lost,0.0,,False,True,1.0,True,0.0,,2023-11-01 10:17:00,2023-09-12 09:02:00,242.0,580.0
Associated_02629d10,50000.0,New,Closed Lost,0.0,,False,True,1.0,True,0.0,,2023-05-15 11:50:00,2023-09-13 09:00:00,75.0,579.0
Associated_25147699,30000.0,New,Closed Lost,0.0,,False,True,1.0,True,0.0,,2023-06-23 11:50:00,2023-03-16 14:54:00,118.0,760.0
Associated_f82fc573,12000.0,New,Closed Lost,0.0,,False,True,1.0,True,0.0,,2023-05-17 11:51:00,2023-04-12 13:18:00,81.0,733.0
Associated_0172e8dc,32500.0,New,Closed Won,1.0,,True,False,1.0,True,0.0,,2023-06-15 11:51:00,2024-06-25 10:50:00,111.0,293.0
Associated_2fe60e04,15000.0,Growth,Closed Lost,0.0,,False,True,1.0,True,0.0,,2023-06-01 11:51:00,,98.0,
Associated_2e37de18,11250.0,New,Closed Lost,0.0,,False,True,1.0,True,0.0,,2023-08-07 09:49:00,2023-02-22 17:54:00,165.0,782.0
Associated_42a5ae54,20000.0,New,Closed Lost,0.0,,False,True,1.0,True,0.0,,2023-02-22 11:42:00,,0.0,
Associated_a03bb13b,75000.0,New,Closed Lost,0.0,,False,True,1.0,True,0.0,,2023-10-31 14:56:00,2023-06-16 12:00:00,251.0,668.0
Associated_6d482c74,48000.0,New,Closed Won,1.0,,True,False,1.0,True,0.0,,2023-06-16 11:51:00,2023-07-11 14:23:00,115.0,643.0
Associated_60459aba,15000.0,New,Closed Won,1.0,,True,False,1.0,True,0.0,,2023-08-11 20:18:00,2024-07-01 12:04:00,176.0,287.0
Associated_ad870001,20000.0,New,Closed Lost,0.0,,False,True,1.0,True,0.0,,2023-05-17 11:52:00,2023-05-09 15:46:00,95.0,706.0
Associated_50618d32,12000.0,New,Closed Won,1.0,,True,False,1.0,True,0.0,,2023-03-31 13:23:00,2023-06-12 09:13:00,49.0,672.0
Associated_95fba57c,50000.0,New,Closed Lost,0.0,,False,True,1.0,True,0.0,,2023-07-07 11:52:00,2023-03-15 16:39:00,148.0,761.0
Associated_75707cf3,25000.0,New,Closed Lost,0.0,,False,True,1.0,True,0.0,,2023-02-07 10:54:00,2023-02-07 11:42:00,0.0,797.0
Associated_bcd8dc22,72000.0,New,Closed Won,1.0,,True,False,1.0,True,0.0,,2023-05-10 11:55:00,2023-07-26 09:11:00,96.0,628.0
Associated_4019582e,15400.0,Growth,Closed Won,1.0,,True,False,1.0,True,0.0,,2023-11-21 15:33:00,2024-05-30 11:47:00,292.0,319.0
Associated_84a2c5e0,7500.0,New,Closed Lost,0.0,,False,True,1.0,True,0.0,,2023-05-04 11:56:00,2023-01-19 10:27:00,105.0,816.0
Associated_da05dcf2,8000.0,New,Closed Lost,0.0,,False,True,1.0,True,0.0,,2023-04-04 11:56:00,2023-03-14 11:30:00,75.0,762.0
Associated_d2b9e537,20000.0,New,Closed Lost,0.0,,False,True,1.0,True,0.0,,2023-02-16 10:57:00,,37.0,
Associated_abff79b0,5000.0,New,Closed Lost,0.0,,False,True,1.0,True,0.0,,2023-03-06 10:58:00,2023-02-09 14:45:00,84.0,795.0
Associated_e572ad43,30000.0,New,Closed Lost,0.0,,False,True,1.0,True,0.0,,2023-08-09 16:33:00,2023-03-28 17:26:00,241.0,748.0
Associated_e850070b,60000.0,New,Closed Won,1.0,,True,False,1.0,True,0.0,,2023-03-31 11:58:00,2024-02-01 14:41:00,109.0,438.0
Associated_b73c74da,10000.0,New,Closed Lost,0.0,,False,True,1.0,True,0.0,,2023-03-23 11:59:00,,133.0,
Associated_f742a7ef,10000.0,New,Closed Lost,0.0,,False,True,1.0,True,0.0,,2023-01-24 10:59:00,,75.0,
Associated_d8c3b09f,30000.0,New,Closed Lost,0.0,,False,True,1.0,True,0.0,,2023-02-09 10:59:00,,91.0,
Associated_73370300,100000.0,New,Closed Lost,0.0,,False,True,1.0,True,0.0,,2023-02-09 11:00:00,2024-11-26 09:21:00,91.0,139.0
Associated_c9217335,8000.0,New,Closed Won,1.0,,True,False,1.0,True,0.0,,2022-11-08 11:00:00,2024-12-02 12:15:00,0.0,133.0
Associated_ced7599c,15000.0,New,Closed Won,1.0,,True,False,1.0,True,0.0,,2023-03-23 12:01:00,2024-08-27 12:43:00,141.0,230.0
Associated_9f8bda90,100000.0,New,Closed Lost,0.0,,False,True,1.0,True,0.0,,2022-12-20 11:05:00,,49.0,
,4800.0,New,Closed Won,1.0,,True,False,1.0,True,0.0,2023-10-31,2022-12-19 11:23:00,2023-04-12 14:42:00,77.0,733.0
Associated_f62b3a08,30000.0,New,Closed Won,1.0,,True,False,1.0,True,0.0,,2023-05-09 12:06:00,2023-02-02 12:57:00,252.0,802.0
Associated_c257243e,3500.0,New,Closed Won,1.0,,True,False,1.0,True,0.0,2023-10-16,2022-12-20 11:06:00,,112.0,
Associated_fa6048e6,35000.0,New,Closed Won,1.0,,True,False,1.0,True,0.0,2022-11-30,2023-02-23 11:08:00,2023-07-10 14:07:00,188.0,644.0
Associated_eac48dd6,50000.0,New,Closed Lost,0.0,,False,True,1.0,True,0.0,2023-11-30,2023-01-19 11:09:00,,158.0,
Associated_e6cc1244,1000.0,New,Closed Won,1.0,,True,False,1.0,True,0.0,,2022-12-20 11:09:00,,128.0,
Associated_8d679174,6000.0,New,Closed Won,1.0,,True,False,1.0,True,0.0,2022-04-30,2022-12-20 11:09:00,,128.0,
Associated_133e939d,35000.0,New,Closed Won,1.0,,True,False,1.0,True,0.0,2022-05-31,2022-12-20 11:09:00,2024-12-20 15:02:00,128.0,115.0
Associated_55ec95d2,51000.0,Renewal,Closed Won,1.0,,True,False,1.0,True,0.0,,2022-12-20 11:10:00,,128.0,
Associated_8d679174,30000.0,Renewal,Closed Won,1.0,,True,False,1.0,True,0.0,2023-04-30,2022-12-20 11:10:00,,128.0,
Associated_995eff83,140000.0,New,Closed Won,1.0,,True,False,1.0,True,0.0,2023-06-30,2022-12-20 11:10:00,,128.0,
Associated_a1b44e4f,48125.0,Renewal,Closed Won,1.0,,True,False,1.0,True,0.0,2022-04-09,2022-12-20 11:11:00,,128.0,
Associated_141fa164,300000.0,Growth,Closed Lost,0.0,,False,True,1.0,True,0.0,,2022-12-20 11:11:00,,128.0,
Associated_141fa164,30000.0,Renewal,Closed Won,1.0,,True,False,1.0,True,0.0,2023-04-30,2022-12-20 11:11:00,,128.0,
Associated_f0cfaded,15000.0,New,Closed Lost,0.0,,False,True,1.0,True,0.0,,2022-12-20 11:11:00,,128.0,
Associated_7059f1f6,59000.0,Renewal,Closed Won,1.0,,True,False,1.0,True,0.0,2022-12-31,2022-12-20 11:12:00,,128.0,
Associated_4019582e,72200.0,New,Closed Won,1.0,,True,False,1.0,True,0.0,2021-12-31,2022-12-20 11:12:00,,128.0,
Associated_429c43b8,25000.0,New,Closed Lost,0.0,,False,True,1.0,True,0.0,,2022-12-20 11:12:00,,128.0,
Associated_141fa164,108000.0,Renewal,Closed Won,1.0,,True,False,1.0,True,0.0,2021-04-30,2022-12-20 11:13:00,,128.0,
Associated_505749f5,24000.0,New,Closed Lost,0.0,,False,True,1.0,True,0.0,,2022-12-20 11:13:00,,128.0,
Associated_ef481971,6000.0,New,Closed Won,1.0,,True,False,1.0,True,0.0,2022-03-31,2022-12-20 11:13:00,,128.0,
Associated_95fba57c,55000.0,New,Closed Lost,0.0,,False,True,1.0,True,0.0,,2022-12-20 11:14:00,,128.0,
Associated_c6de7a90,25000.0,Growth,Closed Lost,0.0,,False,True,1.0,True,0.0,,2022-12-20 11:15:00,,128.0,
Associated_98fb0ace,100000.0,Renewal,Closed Lost,0.0,,False,True,1.0,True,0.0,2023-11-30,2023-01-19 11:15:00,,158.0,
Associated_995eff83,0.0,New,Closed Won,1.0,,True,False,1.0,True,0.0,2022-12-31,2022-12-20 11:15:00,,128.0,
Associated_b993f20c,25000.0,New,Closed Lost,0.0,,False,True,1.0,True,0.0,,2022-12-20 11:16:00,,128.0,
Associated_8182a3fc,25000.0,New,Closed Lost,0.0,,False,True,1.0,True,0.0,,2022-12-20 11:16:00,,128.0,
Associated_8995f2a9,200.0,New,Closed Won,1.0,,True,False,1.0,True,0.0,,2022-12-20 11:16:00,,128.0,
Associated_abf7e3a1,100000.0,Renewal,Closed Lost,0.0,,False,True,1.0,True,0.0,2022-12-31,2022-12-20 11:26:00,,128.0,
Associated_f62b3a08,0.0,New,Closed Won,1.0,,True,False,1.0,True,0.0,2021-12-31,2022-12-20 11:17:00,2023-11-16 10:43:00,128.0,515.0
Associated_55ec95d2,25000.0,New,Closed Won,1.0,,True,False,1.0,True,0.0,,2022-12-20 11:17:00,,128.0,
Associated_7059f1f6,0.0,New,Closed Won,1.0,,True,False,1.0,True,0.0,2020-09-30,2022-12-20 11:17:00,,128.0,
,0.0,New,Closed Won,1.0,,True,False,1.0,True,0.0,2022-07-31,2022-12-20 11:17:00,,128.0,
,30000.0,New,Closed Won,1.0,,True,False,1.0,True,0.0,2023-03-31,2022-12-20 11:18:00,,128.0,
Associated_5a05e351,25000.0,New,Closed Lost,0.0,,False,True,1.0,True,0.0,,2022-12-20 11:18:00,,128.0,
Associated_3e31ca96,24000.0,New,Closed Lost,0.0,,False,True,1.0,True,0.0,,2022-12-20 11:18:00,,128.0,
Associated_0077f065,25000.0,New,Closed Lost,0.0,,False,True,1.0,True,0.0,,2022-12-20 11:18:00,,128.0,
Associated_7059f1f6,3210.0,New,Closed Won,1.0,,True,False,1.0,True,0.0,2020-12-31,2022-12-20 11:18:00,,128.0,
Associated_f30a92dc,25000.0,New,Closed Lost,0.0,,False,True,1.0,True,0.0,,2022-12-20 11:19:00,,128.0,
Associated_af2ae384,5000.0,New,Closed Lost,0.0,,False,True,1.0,True,0.0,,2022-12-20 11:19:00,,128.0,
,40000.0,New,Closed Lost,0.0,,False,True,1.0,True,0.0,,2022-12-20 11:19:00,,128.0,
Associated_5a05e351,25000.0,New,Closed Lost,0.0,,False,True,1.0,True,0.0,,2022-12-20 11:20:00,,128.0,
Associated_17374d83,25000.0,New,Closed Lost,0.0,,False,True,1.0,True,0.0,,2022-12-20 11:20:00,,128.0,
Associated_4019582e,34200.0,Renewal,Closed Won,1.0,,True,False,1.0,True,0.0,2022-01-15,2022-12-20 11:20:00,,128.0,
Associated_4aab5c2f,25000.0,New,Closed Lost,0.0,,False,True,1.0,True,0.0,,2022-12-20 11:20:00,,128.0,
Associated_d9595de8,25000.0,New,Closed Won,1.0,,True,False,1.0,True,0.0,,2022-12-20 11:20:00,,128.0,
Associated_4019582e,59850.0,New,Closed Won,1.0,,True,False,1.0,True,0.0,2021-12-31,2022-12-20 11:21:00,,128.0,
Associated_2fe60e04,0.0,New,Closed Won,1.0,,True,False,1.0,True,0.0,2022-02-28,2022-12-20 11:21:00,2024-07-10 09:46:00,128.0,278.0
Associated_abf7e3a1,59000.0,Renewal,Closed Won,1.0,,True,False,1.0,True,0.0,2021-12-31,2022-12-20 11:21:00,,128.0,
Associated_e9ec1ccd,24000.0,New,Closed Lost,0.0,,False,True,1.0,True,0.0,,2022-12-20 11:21:00,,128.0,
Associated_225aa2ec,30000.0,New,Closed Lost,0.0,,False,True,1.0,True,0.0,,2022-12-20 11:22:00,,128.0,
Associated_a1b44e4f,35000.0,New,Closed Won,1.0,,True,False,1.0,True,0.0,2021-04-09,2022-12-20 11:22:00,,128.0,
Associated_72a78aab,24000.0,New,Closed Lost,0.0,,False,True,1.0,True,0.0,,2022-12-20 11:22:00,,128.0,
Associated_55ec95d2,225000.0,Renewal,Closed Won,1.0,,True,False,1.0,True,0.0,,2022-12-20 11:22:00,,128.0,
Associated_141fa164,86500.0,Renewal,Closed Won,1.0,,True,False,1.0,True,0.0,2022-04-30,2022-12-20 11:23:00,,128.0,
Associated_19d0e31a,0.0,New,Closed Lost,0.0,,False,True,1.0,True,0.0,,2022-12-20 11:26:00,,128.0,
Associated_f62b3a08,0.0,New,Closed Won,1.0,,True,False,1.0,True,0.0,2021-11-30,2022-12-20 11:27:00,2023-11-16 10:43:00,128.0,515.0
Associated_ef481971,15600.0,Renewal,Closed Won,1.0,,True,False,1.0,True,0.0,2023-04-30,2022-12-20 11:27:00,,128.0,
Associated_19d0e31a,50000.0,Renewal,Closed Lost,0.0,,False,True,1.0,True,0.0,2022-05-03,2022-12-20 11:27:00,,128.0,
Associated_0170cd3d,25000.0,New,Closed Lost,0.0,,False,True,1.0,True,0.0,,2022-12-20 11:28:00,,128.0,
Associated_304ee280,0.0,New,Closed Won,1.0,,True,False,1.0,True,0.0,2022-11-11,2022-12-20 11:28:00,,128.0,
Associated_24274a60,24000.0,New,Closed Lost,0.0,,False,True,1.0,True,0.0,,2022-12-20 11:28:00,,128.0,
Associated_55ec95d2,107500.0,Renewal,Closed Won,1.0,,True,False,1.0,True,0.0,2023-12-30,2022-12-20 11:29:00,,128.0,
Associated_7059f1f6,59000.0,Renewal,Closed Won,1.0,,True,False,1.0,True,0.0,2023-12-31,2022-12-29 11:29:00,,137.0,
Associated_784513bd,120000.0,New,Closed Lost,0.0,,False,True,1.0,True,0.0,,2022-12-20 11:29:00,,128.0,
Associated_e8b683a8,30000.0,New,Closed Lost,0.0,,False,True,1.0,True,0.0,,2022-12-20 11:29:00,,128.0,
Associated_b74e69c4,2000.0,New,Closed Lost,0.0,,False,True,1.0,True,0.0,,2022-12-20 11:29:00,,128.0,
Associated_cb1be947,24000.0,New,Closed Lost,0.0,,False,True,1.0,True,0.0,,2022-12-20 11:29:00,,128.0,
Associated_dabb0806,24000.0,New,Closed Lost,0.0,,False,True,1.0,True,0.0,,2022-12-20 11:30:00,,128.0,
Associated_7a928475,24000.0,New,Closed Lost,0.0,,False,True,1.0,True,0.0,,2022-12-20 11:30:00,,128.0,
Associated_141fa164,120000.0,Growth,Closed Lost,0.0,,False,True,1.0,True,0.0,,2022-12-20 11:30:00,,128.0,
Associated_8f7a7217,24000.0,New,Closed Lost,0.0,,False,True,1.0,True,0.0,,2022-12-20 11:30:00,,128.0,
Associated_f155f3d6,25000.0,New,Closed Lost,0.0,,False,True,1.0,True,0.0,,2022-12-20 11:31:00,,128.0,
Associated_a814695b,25000.0,New,Closed Lost,0.0,,False,True,1.0,True,0.0,,2022-12-20 11:31:00,,128.0,
Associated_52315b4e,55000.0,New,Closed Lost,0.0,,False,True,1.0,True,0.0,,2022-12-20 11:32:00,,128.0,
Associated_c5cefa04,0.0,New,Closed Lost,0.0,,False,True,1.0,True,0.0,,2022-12-19 11:32:00,,127.0,
Associated_c0d49cbe,100000.0,New,Closed Lost,0.0,,False,True,1.0,True,0.0,,2022-12-20 11:32:00,,128.0,
Associated_5a05e351,0.0,New,Closed Lost,0.0,,False,True,1.0,True,0.0,,2022-12-20 11:34:00,,128.0,
Associated_4019582e,769500.0,Renewal,Closed Won,1.0,,True,False,1.0,True,0.0,2023-12-31,2022-12-29 11:34:00,,137.0,
Associated_73370300,80000.0,New,Closed Lost,0.0,,False,True,1.0,True,0.0,,2022-12-20 11:34:00,2024-11-26 09:21:00,128.0,139.0
Associated_516ae3ce,0.0,New,Closed Won,1.0,,True,False,1.0,True,0.0,,2022-12-20 11:34:00,,128.0,
Associated_b74e69c4,120000.0,New,Closed Lost,0.0,,False,True,1.0,True,0.0,,2022-12-20 11:35:00,,128.0,
Associated_4019582e,35000.0,Renewal,Closed Lost,0.0,,False,True,1.0,True,0.0,2021-12-31,2022-12-20 11:35:00,,128.0,
Associated_2fe60e04,0.0,New,Closed Won,1.0,,True,False,1.0,True,0.0,2022-03-31,2022-12-20 11:35:00,,128.0,
Associated_dedebc88,24000.0,New,Closed Lost,0.0,,False,True,1.0,True,0.0,,2022-12-20 11:36:00,,128.0,
Associated_b9fc6ca9,50000.0,New,Closed Lost,0.0,,False,True,1.0,True,0.0,2023-11-30,2023-02-09 11:36:00,2023-01-24 08:00:00,179.0,812.0
Associated_55ec95d2,70000.0,Growth,Closed Lost,0.0,,False,True,1.0,True,0.0,,2022-12-20 11:36:00,,128.0,
Associated_4019582e,0.0,New,Closed Won,1.0,,True,False,1.0,True,0.0,2020-12-31,2022-12-20 11:36:00,,128.0,
Associated_133e939d,30000.0,Renewal,Closed Won,1.0,,True,False,1.0,True,0.0,2023-05-31,2022-12-20 11:36:00,,128.0,
Associated_d9595de8,25000.0,Growth,Closed Lost,0.0,,False,True,1.0,True,0.0,,2023-01-11 11:37:00,,150.0,
Associated_5f5d55f0,120000.0,New,Closed Lost,0.0,,False,True,1.0,True,0.0,,2022-12-20 11:43:00,,128.0,
Associated_4bdcc56b,25000.0,New,Closed Lost,0.0,,False,True,1.0,True,0.0,,2022-12-20 11:43:00,,128.0,
Associated_abf7e3a1,0.0,New,Closed Won,1.0,,True,False,1.0,True,0.0,2021-06-30,2022-12-20 11:43:00,,128.0,
Associated_784513bd,120000.0,New,Closed Lost,0.0,,False,True,1.0,True,0.0,,2022-12-20 11:43:00,,128.0,
Associated_995eff83,25000.0,New,Closed Lost,0.0,,False,True,1.0,True,0.0,,2022-12-20 11:43:00,,128.0,
Associated_4a11abd4,25000.0,New,Closed Lost,0.0,,False,True,1.0,True,0.0,,2022-12-20 11:43:00,,128.0,
Associated_413ad54b,0.0,New,Closed Won,1.0,,True,False,1.0,True,0.0,2020-11-30,2022-12-20 11:44:00,,128.0,
Associated_72a78aab,24000.0,New,Closed Lost,0.0,,False,True,1.0,True,0.0,,2022-12-20 11:44:00,,128.0,
Associated_3131dcee,25000.0,New,Closed Lost,0.0,,False,True,1.0,True,0.0,,2022-12-20 11:44:00,,128.0,
Associated_19d0e31a,30000.0,New,Closed Won,1.0,,True,False,1.0,True,0.0,2021-05-04,2022-12-20 11:44:00,,128.0,
Associated_abf7e3a1,24000.0,New,Closed Lost,0.0,,False,True,1.0,True,0.0,,2022-12-20 11:44:00,,128.0,
Associated_afdb18e6,0.0,New,Closed Won,1.0,,True,False,1.0,True,0.0,2021-11-30,2022-12-20 11:44:00,,128.0,
Associated_eac48dd6,2000.0,New,Closed Lost,0.0,,False,True,1.0,True,0.0,,2022-12-20 11:46:00,,128.0,
Associated_ab4f4181,30000.0,New,Closed Lost,0.0,,False,True,1.0,True,0.0,,2022-12-20 11:48:00,,128.0,
Associated_72a78aab,24000.0,New,Closed Lost,0.0,,False,True,1.0,True,0.0,,2022-12-20 11:49:00,,128.0,
Associated_98fb0ace,30000.0,New,Closed Won,1.0,,True,False,1.0,True,0.0,2022-07-31,2022-12-20 11:49:00,,128.0,
Associated_a1b44e4f,48000.0,Renewal,Closed Lost,0.0,,False,True,1.0,True,0.0,2023-04-30,2022-12-20 11:50:00,,128.0,
Associated_59e6c9bc,55000.0,New,Closed Lost,0.0,,False,True,1.0,True,0.0,,2022-12-20 11:50:00,,128.0,
Associated_15832914,0.0,New,Closed Lost,0.0,,False,True,1.0,True,0.0,,2022-12-20 11:50:00,,128.0,
Associated_4fe409cd,25000.0,New,Closed Lost,0.0,,False,True,1.0,True,0.0,,2022-12-20 11:50:00,,128.0,
Associated_4019582e,462067.0,Renewal,Closed Won,1.0,,True,False,1.0,True,0.0,2022-12-31,2022-12-20 11:50:00,,128.0,
Associated_ceca0bc6,25000.0,New,Closed Lost,0.0,,False,True,1.0,True,0.0,,2022-12-20 11:50:00,,128.0,
,30000.0,New,Closed Lost,0.0,,False,True,1.0,True,0.0,,2022-12-20 11:51:00,,128.0,
Associated_98fb0ace,0.0,New,Closed Won,1.0,,True,False,1.0,True,0.0,2022-11-30,2022-12-20 11:51:00,,128.0,
Associated_b1040b38,25000.0,New,Closed Lost,0.0,,False,True,1.0,True,0.0,,2022-12-20 11:51:00,,128.0,
Associated_6e2a5efe,55000.0,New,Closed Lost,0.0,,False,True,1.0,True,0.0,,2022-12-20 11:51:00,,128.0,
Associated_413ad54b,17500.0,New,Closed Won,1.0,,True,False,1.0,True,0.0,,2022-12-20 11:52:00,,128.0,
Associated_d9595de8,150000.0,Growth,Closed Lost,0.0,,False,True,1.0,True,0.0,,2022-12-20 11:52:00,,128.0,
Associated_269fc60a,24000.0,New,Closed Lost,0.0,,False,True,1.0,True,0.0,,2022-12-20 11:52:00,,128.0,
Associated_19d0e31a,50000.0,Renewal,Closed Lost,0.0,,False,True,1.0,True,0.0,,2022-12-20 11:52:00,,128.0,
Associated_abf7e3a1,38400.0,New,Closed Won,1.0,,True,False,1.0,True,0.0,2021-05-31,2022-12-20 11:53:00,,128.0,
Associated_4019582e,1000000.0,Growth,Closed Lost,0.0,,False,True,1.0,True,0.0,,2022-12-20 11:53:00,,128.0,
Associated_afdb18e6,50000.0,Renewal,Closed Lost,0.0,,False,True,1.0,True,0.0,2022-11-30,2022-12-20 11:53:00,,128.0,
Associated_0c6ecfb7,85000.0,New,Closed Lost,0.0,,False,True,1.0,True,0.0,,2022-12-20 11:53:00,,128.0,
Associated_7059f1f6,48000.0,Renewal,Closed Won,1.0,,True,False,1.0,True,0.0,2021-12-31,2022-12-20 11:54:00,,128.0,
Associated_f0491bac,25000.0,New,Closed Lost,0.0,,False,True,1.0,True,0.0,,2022-12-20 11:54:00,,128.0,
Associated_2fe60e04,30000.0,Renewal,Closed Won,1.0,,True,False,1.0,True,0.0,2023-03-31,2022-12-20 11:54:00,,128.0,
,50000.0,New,Closed Lost,0.0,,False,True,1.0,True,0.0,2023-11-30,2023-02-09 11:54:00,,179.0,
Associated_c5cefa04,50000.0,New,Closed Lost,0.0,,False,True,1.0,True,0.0,2023-11-30,2022-12-20 11:55:00,,128.0,
Associated_98fb0ace,25000.0,New,Closed Lost,0.0,,False,True,1.0,True,0.0,,2022-12-20 11:55:00,,128.0,
Associated_f62b3a08,0.0,Renewal,Closed Lost,0.0,,False,True,1.0,True,0.0,,2022-12-20 11:55:00,2023-11-16 10:43:00,128.0,515.0
Associated_320c277c,25000.0,New,Closed Lost,0.0,,False,True,1.0,True,0.0,,2022-12-20 11:55:00,,129.0,
Associated_3073b79b,45000.0,New,Closed Lost,0.0,,False,True,1.0,True,0.0,2024-07-30,2023-01-11 11:55:00,,152.0,
,1700.0,New,Closed Lost,0.0,,False,True,1.0,True,0.0,2023-09-01,2023-02-09 11:56:00,,181.0,
Associated_141fa164,200000.0,Growth,Closed Lost,0.0,,False,True,1.0,True,0.0,,2022-12-20 11:57:00,,131.0,
Associated_141fa164,35000.0,New,Closed Won,1.0,,True,False,1.0,True,0.0,2020-03-31,2022-12-20 11:58:00,2024-08-23 15:03:00,131.0,234.0
Associated_4019582e,24000.0,New,Closed Lost,0.0,,False,True,1.0,True,0.0,,2022-12-20 11:58:00,,131.0,
Associated_4019582e,78000.0,New,Closed Won,1.0,,True,False,1.0,True,0.0,2020-09-12,2022-12-20 11:59:00,,131.0,
Associated_4019582e,216600.0,New,Closed Won,1.0,,True,False,1.0,True,0.0,2021-08-31,2022-12-20 11:59:00,,131.0,
Associated_4019582e,34200.0,New,Closed Won,1.0,,True,False,1.0,True,0.0,2021-07-14,2022-12-20 11:59:00,,131.0,
Associated_fb8bb7fb,53240.0,New,Closed Won,1.0,,True,False,1.0,True,0.0,,2023-04-13 12:59:00,2024-09-23 17:23:00,246.0,203.0
Associated_19d0e31a,0.0,New,Closed Won,1.0,,True,False,1.0,True,0.0,2022-09-30,2022-12-20 11:59:00,,134.0,
